unit_id,resolution,alpha,beta
17,state,89.185593,2.150627
18,state,91.062666,1.917436
19,state,90.243991,2.257007
26,state,67.870397,1.840041
27,state,71.529990,2.321245
31,state,91.080408,1.917735
39,state,88.319795,1.728933
55,state,80.388972,1.803531
